Sportart,Sportartengruppe,Jahr,Jahreskurse,Saisonkurse,Sammellager,Total Kurse,Angebote,Kleingruppe,Grossgruppe,Kursdauer in Min. 90,Kursdauer in Min. 90 2,Trainings pro Woche 1,Trainings pro Woche 2,Trainings pro Woche 3,Trainings pro Woche 4,Trainings pro Woche 5,Wettkampf-kategorie 0,Wettkampf-kategorie 1,Wettkampf-kategorie 2,Wettkampf-kategorie 3,Trainingslagertage,Knaben,Mädchen,Total Teilnehmer,Anzahl tätige Leiter,Leiteraktivitäten,J+S-Kurspauschale,Coach entschädigung,Total Auszahlungen
Bahn (Radsport),Radsport,2004,5,3,,8,5,1,7,0,8,4,4,0,0,0,1,3,4,0,40,78,39,117,19,706,14041,1124,15165
Baseball/Softball,Baseball/Softball,2004,0,17,,17,8,6,11,0,17,7,9,1,0,0,1,14,2,0,13,136,21,157,45,994,11010,880,11890
Basketball,Basketball,2004,463,449,,912,183,108,804,42,870,256,462,176,13,5,112,234,392,174,820,7511,4339,11850,1542,65421,1271990,101758,1373748
BMX (Radsport),Radsport,2004,8,12,,20,11,6,14,0,20,6,13,1,0,0,7,9,3,1,32,228,38,266,48,1141,21504,1721,23225
Curling,Curling,2004,0,46,,46,21,25,21,1,45,35,11,0,0,0,10,16,5,15,24,246,183,429,105,1838,20952,1575,22527
Eishockey,Eishockey,2004,468,334,,802,167,120,682,116,686,97,327,309,53,16,160,101,139,402,1897,12612,339,12951,2084,108368,1546567,123724,1670291
Eiskunstlauf/ Eistanz,Eislauf,2004,73,268,,341,79,204,137,242,99,190,71,42,26,12,167,84,55,35,551,193,2884,3077,649,23498,214662,17169,231831
Eisschnelllauf/ Short Track,Eislauf,2004,0,4,,4,3,4,0,1,3,2,1,1,0,0,3,0,1,0,0,9,16,25,6,148,1292,104,1396
Faustball,Turnen,2004,18,78,,96,39,28,68,7,89,61,30,3,2,0,10,36,25,25,158,760,347,1107,214,5745,81435,6514,87949
Fechten,Fechten,2004,65,79,,144,37,37,107,21,123,82,39,17,6,0,40,75,21,8,64,1286,549,1835,268,9867,134148,10735,144883
Fussball,Fussball,2004,790,10263,,11053,1864,1318,9735,148,10905,1926,6804,1899,247,177,854,1590,7119,1490,10330,147462,9879,157341,14595,615579,11984925,957489,12942414
Geräteturnen,Geräte- und Kunstturnen,2004,558,709,,1267,568,321,946,57,1210,610,521,119,15,2,417,550,216,84,985,4163,12766,16929,3319,104416,1221531,97723,1319254
Gymnastik und Tanz,Gymnastik und Tanz,2004,275,250,,525,225,133,392,213,312,444,67,11,3,0,342,123,39,21,194,192,6145,6337,787,22126,325894,26077,351971
Handball,Handball,2004,530,453,,983,220,89,894,29,954,356,443,144,33,7,142,286,405,150,2097,9388,3917,13305,1670,76822,1448672,115891,1564563
Inlinehockey,Rollsport,2004,35,17,,52,23,11,41,0,52,20,30,2,0,0,2,7,22,21,45,708,38,746,89,3822,73071,5847,78918
Judo,Judo,2004,640,904,,1544,341,350,1194,466,1078,1384,136,22,2,0,891,244,188,221,966,14861,5653,20514,3533,71185,962675,76426,1039101
Ju-Jitsu,Ju-Jitsu,2004,62,116,,178,84,56,122,51,127,154,22,2,0,0,173,2,0,3,44,1288,886,2174,398,8724,89553,7168,96721
Karate,Karate,2004,484,544,,1028,223,221,807,538,490,490,405,95,35,3,600,255,94,79,641,9198,4906,14104,2067,74686,915326,72088,987414
Korbball,Turnen,2004,46,70,,116,72,40,76,13,103,85,30,1,0,0,19,38,24,35,67,508,813,1321,224,6180,87119,6969,94088
Kunstradfahren,Radsport,2004,22,48,,70,29,56,14,13,57,37,30,2,1,0,29,32,8,1,33,76,424,500,157,5149,35473,2837,38310
Kunstturnen,Geräte- und Kunstturnen,2004,99,142,,241,141,112,129,6,235,55,47,57,55,27,80,80,58,23,644,1153,1228,2381,780,33269,336957,26958,363915
Landhockey,Landhockey,2004,46,12,,58,18,6,52,0,58,29,29,0,0,0,14,22,17,5,81,533,191,724,147,5329,76915,6154,83069
Leichtathletik,Leichtathletik,2004,518,872,,1390,466,362,1028,59,1331,666,394,202,78,50,269,474,335,312,3381,9847,10369,20216,3476,118426,1609120,128729,1737849
Mountainbike,Radsport,2004,35,71,,106,63,51,55,9,97,63,31,11,1,0,49,26,18,13,271,1144,260,1404,344,8495,86717,6941,93658
Nationalturnen,Nationalturnen,2004,17,17,,34,26,16,18,0,34,25,9,0,0,0,5,14,10,5,0,348,32,380,87,2297,21277,1702,22979
Orientierungslauf,Orientierungslauf,2004,41,71,,112,69,30,82,5,107,82,26,4,0,0,13,33,38,28,460,776,595,1371,545,8849,107155,8402,115557
Quer (Radsport),Radsport,2004,12,4,,16,10,9,7,3,13,12,4,0,0,0,5,4,5,2,44,146,13,159,55,1606,13010,1040,14050
Radball,Radsport,2004,11,20,,31,17,14,17,2,29,18,9,4,0,0,14,6,5,6,43,315,6,321,70,2188,25501,1929,27430
Reiten,Pferdesport,2004,93,190,,283,54,255,28,105,178,259,17,4,3,0,235,29,10,9,321,168,1758,1926,354,9513,89720,7175,96895
Rettungsschwimmen,Schwimmsport,2004,98,83,,181,63,44,137,121,60,169,12,0,0,0,105,57,18,1,114,963,1592,2555,564,8861,99901,7997,107898
Rhönrad,Rhönrad,2004,6,4,,10,5,4,6,0,10,8,1,1,0,0,6,4,0,0,0,5,89,94,22,469,6208,497,6705
Rhythmische Gymnastik,Gymnastik und Tanz,2004,10,82,,92,33,64,28,1,91,46,16,23,7,0,45,24,16,7,147,1,683,684,207,4821,58198,4655,62853
Ringen,Ringen,2004,45,30,,75,37,30,45,0,75,30,33,12,0,0,7,18,31,19,173,691,64,755,212,8562,85508,6841,92349
Rock n` Roll,Gymnastik und Tanz,2004,51,20,,71,26,26,45,22,49,45,12,13,1,0,43,7,7,14,86,273,471,744,140,6207,63771,5102,68873
Rollhockey,Rollsport,2004,4,51,,55,16,19,36,0,55,28,24,3,0,0,18,15,13,9,29,569,87,656,97,2284,34906,2655,37561
Rollkunstlauf,Rollsport,2004,2,11,,13,5,8,5,4,9,2,6,5,0,0,3,7,2,1,6,19,88,107,25,857,8920,714,9634
Rugby,Rugby,2004,21,3,,24,10,6,18,1,23,18,6,0,0,0,2,15,7,0,42,351,6,357,66,2324,27401,2192,29593
Schwimmen,Schwimmsport,2004,466,405,,871,197,267,604,498,373,466,174,118,52,61,525,179,82,85,2303,4510,5599,10109,1814,64449,968356,77470,1045826
Schwingen,Nationalturnen,2004,200,32,,232,115,77,155,11,221,159,67,6,0,0,29,65,109,29,117,2846,51,2897,690,23303,231543,18501,250044
Speedskating (Rollsport),Rollsport,2004,3,4,,7,4,3,4,0,7,0,7,0,0,0,0,0,1,6,3,75,13,88,12,379,7737,619,8356
Squash,Squash,2004,45,36,,81,26,39,42,19,62,65,8,4,2,2,32,9,0,40,119,494,219,713,188,4443,71733,5742,77475
Strasse (Radsport),Radsport,2004,38,62,,100,60,61,39,2,98,45,29,16,2,8,17,26,26,31,330,855,154,1009,320,8250,93219,7385,100604
Streethockey,Landhockey,2004,16,3,,19,7,4,15,0,19,7,12,0,0,0,2,5,6,6,6,189,2,191,33,1595,26163,2093,28256
Synchronized Skating,Eislauf,2004,1,6,,7,4,1,6,1,6,3,3,1,0,0,1,2,0,4,14,1,106,107,17,558,6980,559,7539
Synchronschwimmen,Schwimmsport,2004,63,41,,104,31,59,45,15,89,12,40,34,13,5,34,35,25,10,352,23,931,954,250,11527,147620,11577,159197
Tanzsport,Gymnastik und Tanz,2004,4,4,,8,7,4,4,1,7,2,3,1,2,0,3,1,0,4,10,14,89,103,8,478,8226,657,8883
Tchoukball,Tchoukball,2004,0,12,,12,4,2,10,1,11,11,1,0,0,0,2,9,1,0,0,99,54,153,21,637,5777,462,6239
Tennis,Tennis,2004,545,4953,,5498,754,4545,953,3571,1927,5172,262,52,7,5,4295,711,306,186,1596,19441,14304,33745,8379,142754,1340777,107058,1447835
Tischtennis,Tischtennis,2004,184,87,,271,154,96,175,17,254,170,84,14,3,0,99,84,51,37,89,2579,449,3028,559,16240,231562,18536,250098
Trampolin,Geräte- und Kunstturnen,2004,23,16,,39,26,15,24,1,38,13,24,0,2,0,19,13,7,0,68,128,244,372,114,4640,39935,3196,43131
Trial (Radsport),Radsport,2004,2,0,,2,2,0,2,0,2,0,2,0,0,0,1,1,0,0,6,37,3,40,7,174,3553,284,3837
Triathlon,Triathlon,2004,11,19,,30,24,18,12,6,24,3,10,10,0,7,9,6,5,10,136,186,136,322,96,3090,41911,3353,45264
Turnen,Turnen,2004,1906,2217,,4123,1491,1077,3046,756,3367,3579,516,22,4,2,1753,1801,407,162,1887,20561,33072,53633,9656,220093,2579096,205982,2785078
Unihockey,Unihockey,2004,424,422,,846,245,151,695,31,815,416,350,71,9,0,204,371,179,92,1005,8915,1972,10887,1457,53385,936346,74561,1010907
Volleyball,Volleyball,2004,759,631,,1390,422,295,1095,93,1297,959,363,54,8,6,428,468,272,222,1125,3076,13583,16659,2399,72412,1332512,105883,1438395
Voltigieren (Pferdesport),Pferdesport,2004,38,25,,63,29,35,28,17,46,39,18,4,1,1,28,24,7,4,143,23,494,517,63,3197,50733,4059,54792
Wasserball,Schwimmsport,2004,28,29,,57,23,13,44,8,49,16,15,14,9,3,12,10,22,13,155,566,106,672,99,5206,95605,7649,103254
Wasserspringen,Schwimmsport,2004,16,17,,33,11,26,7,7,26,16,13,3,0,1,15,12,4,2,152,130,124,254,62,1986,28299,2263,30562
Badminton,Badminton,2005,279,148,3,427,153,105,322,70,357,351,55,13,3,5,204,93,79,51,267,2668,2477,5145,1014,18759,369066,29661,398727
Bahn (Radsport),Radsport,2005,1,1,0,2,2,0,2,0,2,1,1,0,0,0,1,0,1,0,0,22,10,32,7,74,2349,188,2537
Baseball/Softball,Baseball/Softball,2005,1,44,0,45,19,24,21,2,43,30,14,1,0,0,21,8,12,4,10,339,75,414,100,751,21770,1774,23544
Basketball,Basketball,2005,524,285,3,809,169,101,708,36,773,247,397,150,10,5,103,248,305,153,590,7255,3375,10630,1352,53254,1204240,97722,1301962
BMX (Radsport),Radsport,2005,8,30,1,38,21,14,24,6,32,24,13,1,0,0,11,4,7,16,33,426,95,521,93,159,30278,2451,32729
Curling,Curling,2005,3,60,0,63,23,44,19,4,59,47,15,1,0,0,10,26,12,15,43,284,197,481,133,2222,27547,2246,29793
Eishockey,Eishockey,2005,416,351,5,767,161,134,633,98,669,93,311,293,54,16,154,84,138,391,1866,11388,324,11712,1979,104010,1424405,115714,1540119
Eiskunstlauf/ Eistanz,Eislauf,2005,64,327,5,391,82,230,161,308,83,241,77,32,27,14,213,106,36,36,615,167,3379,3546,847,22999,218453,17700,236153
Eisschnelllauf/ Short Track,Eislauf,2005,0,4,0,4,3,2,2,0,4,0,3,1,0,0,1,2,1,0,5,9,30,39,7,227,2807,236,3043
Faustball,Turnen,2005,21,69,5,90,34,26,64,10,80,63,24,3,0,0,19,34,19,18,136,604,414,1018,208,2915,70187,5772,75959
Fechten,Fechten,2005,71,80,1,151,42,34,117,33,118,79,51,14,7,0,58,48,24,21,90,1404,618,2022,312,6908,148093,11741,159834
Fussball,Fussball,2005,953,8773,105,9726,1583,1244,8482,250,9476,2279,5720,1418,201,108,814,976,6111,1825,6588,128370,11204,139574,13029,152236,10735750,922609,11658359
Geräteturnen,Geräte- und Kunstturnen,2005,553,687,11,1240,521,331,909,49,1191,630,513,84,12,1,432,504,212,92,850,4238,12185,16423,3385,71599,1174865,96020,1270885
Gymnastik und Tanz,Gymnastik und Tanz,2005,305,258,1,563,229,181,382,247,316,492,63,6,1,1,410,108,26,19,132,114,6416,6530,824,16558,324904,26310,351214
Handball,Handball,2005,560,390,6,950,204,105,845,50,900,353,417,142,27,11,140,280,359,171,1530,8817,4018,12835,1673,70304,1398261,114459,1512720
Inlinehockey,Rollsport,2005,35,12,0,47,18,12,35,1,46,23,24,0,0,0,0,10,26,11,61,620,29,649,73,243,62905,5056,67961
Judo,Judo,2005,709,734,17,1443,293,345,1098,471,972,1317,107,17,2,0,949,200,126,168,655,12879,5169,18048,3168,33292,911093,74185,985278
Ju-Jitsu,Ju-Jitsu,2005,64,98,1,162,75,62,100,57,105,139,19,4,0,0,160,1,1,0,40,1084,752,1836,357,3625,84259,6945,91204
Karate,Karate,2005,462,504,14,966,196,223,743,559,407,523,357,65,17,4,575,261,83,47,534,8058,4202,12260,2065,31407,811030,67378,878408
Korbball,Turnen,2005,46,67,2,113,66,44,69,16,97,86,27,0,0,0,35,34,22,22,47,444,814,1258,234,4189,77720,6238,83958
Kunstradfahren,Radsport,2005,32,33,0,65,28,51,14,11,54,38,21,5,1,0,27,17,12,9,80,57,425,482,127,2726,38973,3177,42150
Kunstturnen,Geräte- und Kunstturnen,2005,102,116,0,218,128,128,90,1,217,50,54,52,47,15,69,68,41,40,415,947,1071,2018,682,20613,275992,22677,298669
Landhockey,Landhockey,2005,49,22,2,71,18,13,58,4,67,38,33,0,0,0,10,34,17,10,134,632,230,862,207,5553,86730,6946,93676
Leichtathletik,Leichtathletik,2005,489,886,23,1375,469,333,1042,86,1289,705,386,171,84,29,327,379,276,393,2473,9211,9948,19159,3670,77405,1516919,125785,1642704
Mountainbike,Radsport,2005,34,54,3,88,51,43,45,11,77,62,19,7,0,0,41,17,12,18,165,838,163,1001,315,2506,59172,4825,63997
Nationalturnen,Nationalturnen,2005,18,15,0,33,24,18,15,0,33,28,5,0,0,0,11,10,6,6,7,308,11,319,63,931,20992,1703,22695
Orientierungslauf,Orientierungslauf,2005,33,73,10,106,52,29,77,14,92,88,15,3,0,0,20,17,24,45,374,699,533,1232,554,1897,88267,7370,95637
Quer (Radsport),Radsport,2005,6,4,0,10,7,5,5,1,9,6,3,1,0,0,3,2,2,3,65,118,10,128,30,643,12555,1005,13560
Radball,Radsport,2005,9,24,0,33,17,16,17,0,33,24,7,2,0,0,16,8,2,7,33,298,12,310,67,580,23600,2010,25610
Reiten,Pferdesport,2005,114,144,2,258,53,218,40,116,142,233,19,5,1,0,213,17,9,19,227,118,1630,1748,321,4286,89114,7300,96414
Rettungsschwimmen,Schwimmsport,2005,94,83,0,177,60,53,124,115,62,167,10,0,0,0,103,54,18,2,170,839,1338,2177,530,6283,96325,7854,104179
Rhönrad,Rhönrad,2005,12,8,0,20,7,8,12,0,20,18,1,1,0,0,12,7,0,1,39,4,208,212,33,493,13822,1106,14928
Rhythmische Gymnastik,Gymnastik und Tanz,2005,15,80,0,95,39,63,32,4,91,36,23,26,10,0,33,23,21,18,52,14,708,722,215,3924,69949,5711,75660
Ringen,Ringen,2005,54,19,1,73,32,22,51,1,72,29,36,8,0,0,13,15,29,16,187,794,56,850,226,3549,100113,8135,108248
Rock n` Roll,Gymnastik und Tanz,2005,54,21,1,75,27,31,44,26,49,51,16,6,2,0,49,6,7,13,110,273,459,732,152,3655,62016,5043,67059
Rollhockey,Rollsport,2005,7,37,0,44,10,13,31,2,42,20,18,6,0,0,5,22,14,3,6,500,60,560,75,813,37194,2994,40188
Rollkunstlauf,Rollsport,2005,3,6,0,9,3,5,4,0,9,3,3,3,0,0,3,6,0,0,0,8,70,78,20,108,6487,563,7050
Rugby,Rugby,2005,15,8,0,23,11,8,15,3,20,21,2,0,0,0,3,15,5,0,24,299,9,308,47,1458,18102,1465,19567
Schwimmen,Schwimmsport,2005,444,386,9,830,191,305,525,489,341,465,146,113,56,50,494,166,84,86,1966,4009,5271,9280,1802,49783,866278,70013,936291
Schwingen,Nationalturnen,2005,206,25,4,231,112,85,146,14,217,181,45,5,0,0,34,49,73,75,130,2783,26,2809,717,12740,221887,17776,239663
Speedskating (Rollsport),Rollsport,2005,5,11,0,16,11,9,7,0,16,9,6,1,0,0,4,1,1,10,14,108,66,174,39,336,10567,854,11421
Squash,Squash,2005,24,33,0,57,21,21,36,10,47,46,4,3,2,2,19,9,1,28,92,356,161,517,120,2145,55351,4445,59796
Strasse (Radsport),Radsport,2005,40,48,1,88,56,59,29,9,79,53,22,7,1,5,24,17,13,34,245,647,99,746,248,3007,68868,5780,74648
Streethockey,Landhockey,2005,29,4,0,33,12,9,24,3,30,15,18,0,0,0,3,10,7,13,12,367,14,381,54,2645,44313,3546,47859
Synchronized Skating,Eislauf,2005,1,3,0,4,4,1,3,2,2,3,1,0,0,0,4,0,0,0,0,1,61,62,5,94,2294,192,2486
Synchronschwimmen,Schwimmsport,2005,62,35,0,97,30,44,53,9,88,20,30,24,17,6,41,28,17,11,286,19,902,921,235,8787,146419,11277,157696
Tanzsport,Gymnastik und Tanz,2005,4,16,0,20,13,6,14,10,10,14,3,2,1,0,13,0,1,6,0,70,163,233,31,435,10905,911,11816
Tchoukball,Tchoukball,2005,16,3,0,19,6,4,15,1,18,17,2,0,0,0,10,5,2,2,0,177,72,249,37,1058,16293,1303,17596
Tennis,Tennis,2005,612,5779,34,6391,751,5520,871,4333,2058,6107,219,56,3,6,5137,611,350,293,1432,25928,14163,40091,9353,81102,1428403,121724,1550127
Tischtennis,Tischtennis,2005,214,77,0,291,162,90,201,26,265,191,79,16,5,0,114,82,43,52,88,2572,538,3110,596,17369,260899,20883,281782
Trampolin,Geräte- und Kunstturnen,2005,16,21,0,37,26,23,14,1,36,14,21,1,1,0,16,11,5,5,29,90,195,285,113,2238,30758,2520,33278
Trial (Radsport),Radsport,2005,2,3,0,5,4,3,2,1,4,1,4,0,0,0,3,1,1,0,0,37,9,46,11,188,2998,255,3253
Triathlon,Triathlon,2005,8,20,1,28,23,17,11,15,13,12,8,6,2,0,14,3,5,6,49,125,120,245,81,1249,18551,1566,20117
Turnen,Turnen,2005,1909,2148,21,4057,1415,1142,2915,732,3325,3561,475,15,5,1,1797,1683,425,152,1445,20087,30755,50842,9791,153878,2497252,202649,2699901
Unihockey,Unihockey,2005,523,337,3,860,231,128,732,34,826,423,374,58,5,0,217,412,170,61,884,9119,2046,11165,1467,53394,1015375,82205,1097580
Volleyball,Volleyball,2005,866,551,5,1417,420,281,1136,86,1331,1018,339,48,11,1,495,432,299,191,993,3081,14165,17246,2506,67911,1394105,112597,1506702
Voltigieren (Pferdesport),Pferdesport,2005,32,10,1,42,20,22,20,5,37,16,19,4,2,1,14,19,7,2,182,24,332,356,47,3015,50399,4054,54453
Wasserball,Schwimmsport,2005,39,20,0,59,20,13,46,11,48,21,12,16,6,4,22,9,17,11,195,594,111,705,104,3808,100418,8337,108755
Wasserspringen,Schwimmsport,2005,12,13,,25,9,20,5,2,23,8,12,4,0,1,11,7,5,2,51,80,102,182,48,1683,18436,1501,19937
Badminton,Badminton,2006,296,140,8,436,147,111,325,86,350,354,57,17,3,5,194,109,62,71,182,2754,2464,5218,1057,,393692,39283,432975
Bahn (Radsport),Radsport,2006,6,5,0,11,6,5,6,1,10,10,1,0,0,0,4,1,2,4,45,104,16,120,46,,8779,772,9551
Baseball/Softball,Baseball/Softball,2006,1,50,1,51,22,26,25,3,48,33,15,2,1,0,26,9,11,5,10,355,95,450,111,,26336,2634,28970
Basketball,Basketball,2006,542,228,7,770,156,122,648,48,722,259,377,118,12,4,128,242,236,164,568,6593,3224,9817,1288,,1201345,119971,1321316
BMX (Radsport),Radsport,2006,16,15,2,31,13,9,22,2,29,19,12,0,0,0,7,4,10,10,16,315,40,355,75,,27758,2596,30354
Curling,Curling,2006,6,77,0,83,28,60,23,3,80,64,19,0,0,0,25,24,15,19,8,360,230,590,175,,33352,3285,36637
Eishockey,Eishockey,2006,481,304,14,785,163,134,651,81,704,130,352,259,39,5,176,81,159,369,1650,11425,417,11842,2040,,1544836,153108,1697944
Eiskunstlauf/ Eistanz,Eislauf,2006,103,352,21,455,90,282,173,342,113,302,68,45,26,14,280,89,43,43,531,232,3605,3837,869,,241183,23406,264589
Eisschnelllauf/ Short Track,Eislauf,2006,0,2,0,2,2,2,0,0,2,0,1,1,0,0,1,1,0,0,6,8,4,12,3,,1255,126,1381
Faustball,Turnen,2006,19,71,5,90,36,41,49,10,80,67,20,3,0,0,24,32,23,11,73,578,328,906,207,,59287,5880,65167
Fechten,Fechten,2006,77,78,5,155,38,30,125,33,122,95,34,21,5,0,70,35,26,24,51,1568,628,2196,321,,153366,15115,168481
Freitauchen,Freitauchen,2006,1,1,0,2,2,1,1,1,1,1,1,0,0,0,2,0,0,0,0,5,9,14,3,,1154,115,1269
Fussball,Fussball,2006,1199,8205,160,9404,1491,1245,8159,282,9122,2212,5527,1380,190,95,859,751,5725,2069,5436,124703,11070,135773,12710,,10696088,1067113,11763201
Geräteturnen,Geräte- und Kunstturnen,2006,597,650,12,1247,530,351,896,51,1196,666,492,83,6,0,455,489,201,102,655,3894,12336,16230,3300,,1220306,120013,1340319
Gymnastik und Tanz,Gymnastik und Tanz,2006,285,298,8,583,237,181,402,235,348,503,65,15,0,0,455,88,22,18,124,210,6683,6893,916,,349610,34643,384253
Handball,Handball,2006,660,336,30,996,200,119,877,66,930,378,461,126,23,8,191,313,344,148,1317,9530,4434,13964,1838,,1532092,152620,1684712
Inlinehockey,Rollsport,2006,40,24,1,64,25,22,42,4,60,33,29,2,0,0,10,18,19,17,45,707,29,736,112,,69392,6784,76176
Judo,Judo,2006,588,658,33,1246,254,313,933,445,801,1126,99,20,1,0,890,155,82,119,359,11104,4453,15557,2877,,760137,74387,834524
Ju-Jitsu,Ju-Jitsu,2006,49,86,2,135,63,52,83,43,92,113,19,3,0,0,133,0,2,0,37,914,652,1566,311,,69957,6383,76340
Karate,Karate,2006,479,446,24,925,174,205,720,547,378,508,345,70,2,0,609,204,84,28,337,7594,4062,11656,2236,,784773,75098,859871
Korbball,Turnen,2006,44,70,6,114,67,42,72,20,94,91,23,0,0,0,37,46,18,13,47,340,989,1329,204,,74549,7331,81880
Kunstradfahren,Radsport,2006,21,25,1,46,20,41,5,13,33,28,15,3,0,0,22,13,8,3,15,41,252,293,95,,22652,2155,24807
Kunstturnen,Geräte- und Kunstturnen,2006,104,84,6,188,105,107,81,13,175,47,47,48,32,14,55,58,35,40,290,875,787,1662,597,,246092,23789,269881
Landhockey,Landhockey,2006,55,20,6,75,20,14,61,8,67,39,35,1,0,0,19,27,18,11,70,715,292,1007,220,,92225,9206,101431
Leichtathletik,Leichtathletik,2006,556,830,64,1386,438,322,1064,123,1263,787,348,174,57,20,374,295,281,436,2054,9245,10307,19552,3698,,1496004,146137,1642141
Mountainbike,Radsport,2006,28,68,6,96,57,39,57,16,80,71,19,6,0,0,37,26,14,19,163,926,255,1181,314,,65397,6370,71767
Nationalturnen,Nationalturnen,2006,13,18,0,31,19,13,18,0,31,27,4,0,0,0,8,6,5,12,9,299,16,315,80,,20025,1964,21989
Orientierungslauf,Orientierungslauf,2006,27,71,10,98,53,31,67,18,80,84,12,2,0,0,16,10,13,59,261,694,520,1214,440,,69493,6774,76267
Quer (Radsport),Radsport,2006,4,7,0,11,9,8,3,1,10,7,2,2,0,0,7,0,2,2,12,91,12,103,27,,8068,786,8854
Radball,Radsport,2006,9,17,0,26,12,17,9,0,26,19,5,2,0,0,12,4,4,6,0,221,5,226,51,,18699,1730,20429
Reiten,Pferdesport,2006,124,195,17,319,55,276,43,182,137,294,20,3,2,0,276,7,17,19,308,109,1986,2095,436,,96190,9434,105624
Rettungsschwimmen,Schwimmsport,2006,74,90,0,164,53,50,114,108,56,157,6,1,0,0,130,21,11,2,28,805,1321,2126,548,,80042,7595,87637
Rhönrad,Rhönrad,2006,10,5,0,15,5,2,13,0,15,13,2,0,0,0,9,3,2,1,5,5,203,208,30,,13431,1289,14720
Rhythmische Gymnastik,Gymnastik und Tanz,2006,18,66,4,84,31,57,27,4,80,28,26,25,5,0,31,18,18,17,167,0,652,652,223,,68160,6747,74907
Ringen,Ringen,2006,38,12,1,50,25,12,38,1,49,19,23,8,0,0,9,8,15,18,113,517,33,550,146,,70195,6505,76700
Rock n` Roll,Gymnastik und Tanz,2006,49,7,3,56,18,26,30,26,30,38,12,5,1,0,40,9,5,2,51,207,361,568,112,,45153,4393,49546
Rollhockey,Rollsport,2006,9,28,0,37,10,11,26,1,36,10,24,3,0,0,3,18,10,6,0,382,57,439,69,,36074,3449,39523
Rollkunstlauf,Rollsport,2006,11,6,2,17,6,9,8,4,13,7,4,5,1,0,2,8,5,2,34,9,116,125,32,,15818,1424,17242
Rugby,Rugby,2006,18,5,1,23,9,9,14,1,22,12,11,0,0,0,8,9,4,2,27,305,7,312,56,,27181,2623,29804
Schwimmen,Schwimmsport,2006,489,416,35,905,184,304,601,523,382,520,163,113,63,46,597,117,85,106,1704,4291,5757,10048,1903,,936293,92536,1028829
Schwingen,Nationalturnen,2006,171,33,5,204,93,71,133,7,197,165,36,3,0,0,32,35,62,75,119,2396,16,2412,694,,191483,18634,210117
Speedskating (Rollsport),Rollsport,2006,4,13,1,17,9,10,7,2,15,14,2,1,0,0,7,1,1,8,15,83,50,133,45,,8526,853,9379
Squash,Squash,2006,21,27,0,48,14,26,22,20,28,45,2,1,0,0,21,5,1,21,42,260,128,388,80,,25811,2450,28261
Strasse (Radsport),Radsport,2006,28,40,1,68,43,44,24,5,63,43,10,8,0,7,18,9,13,28,195,480,59,539,215,,55690,5278,60968
Streethockey,Landhockey,2006,36,13,1,49,16,16,33,5,44,22,27,0,0,0,4,19,16,10,9,548,33,581,96,,58273,5827,64100
Synchronized Skating,Eislauf,2006,0,6,0,6,4,2,4,6,0,5,1,0,0,0,4,2,0,0,6,4,59,63,10,,2524,230,2754
Synchronschwimmen,Schwimmsport,2006,69,36,2,105,36,55,50,13,92,24,27,31,15,8,47,27,18,13,281,9,965,974,289,,163181,15433,178614
Tanzsport,Gymnastik und Tanz,2006,17,19,0,36,11,23,13,20,16,35,0,1,0,0,28,2,4,2,0,35,242,277,37,,13735,1372,15107
Tchoukball,Tchoukball,2006,23,3,0,26,5,6,20,0,26,25,1,0,0,0,16,7,3,0,0,211,83,294,61,,21806,2181,23987
Tennis,Tennis,2006,742,6414,49,7156,758,6430,726,4923,2233,6865,227,52,6,6,5942,586,250,378,840,22407,14295,36702,10326,,1515824,149872,1665696
Tischtennis,Tischtennis,2006,231,61,0,292,157,93,199,24,268,193,84,11,4,0,128,59,47,58,34,2552,478,3030,622,,277376,21611,298987
Trampolin,Geräte- und Kunstturnen,2006,19,17,2,36,18,23,13,2,34,18,13,5,0,0,16,3,14,3,31,117,201,318,108,,27618,2722,30340
Trial (Radsport),Radsport,2006,1,2,0,3,3,2,1,0,3,0,2,1,0,0,1,1,0,1,7,18,4,22,12,,2629,263,2892
Triathlon,Triathlon,2006,13,25,0,38,28,21,17,14,24,18,8,9,2,1,21,5,4,8,73,195,146,341,127,,34746,3326,38072
Turnen,Turnen,2006,1927,1983,48,3910,1351,1172,2738,755,3155,3469,415,20,4,2,2022,1382,346,160,1173,18532,29744,48276,9523,,2469259,240991,2710250
Unihockey,Unihockey,2006,634,310,30,944,236,147,797,68,876,510,372,56,6,0,228,512,173,31,851,10473,2472,12945,1619,,1148883,114773,1263656
Volleyball,Volleyball,2006,1052,578,40,1630,433,388,1242,136,1494,1173,389,56,9,3,626,465,356,183,946,3709,15357,19066,2902,,1621243,159596,1780839
Voltigieren (Pferdesport),Pferdesport,2006,52,31,7,83,28,53,30,30,53,45,36,2,0,0,39,28,16,0,155,18,728,746,95,,53074,5013,58087
Wasserball,Schwimmsport,2006,56,14,7,70,22,16,54,17,53,25,17,21,4,3,32,12,14,12,188,714,206,920,134,,127466,12345,139811
Wasserspringen,Schwimmsport,2006,22,24,4,46,12,40,6,8,38,20,17,7,0,2,23,11,8,4,68,196,182,378,90,,29682,2856,32538
Baseball/Softball,Baseball/Softball,2007,1,52,2,54,23,20,34,2,51,33,19,1,1,0,26,15,9,4,10,395,94,489,117,,26773,2677,29450
Basketball,Basketball,2007,546,263,10,810,165,57,753,46,763,189,434,164,19,4,163,215,269,163,507,7242,3188,10430,1416,,1253081,125316,1378397
BMX (Radsport),Radsport,2007,12,13,0,25,11,4,21,1,24,11,13,1,0,0,8,9,2,6,34,271,24,295,56,,29852,2985,32837
Curling,Curling,2007,4,76,1,80,28,52,28,2,78,52,28,0,0,0,22,26,14,18,9,370,274,644,162,,32599,3263,35862
Eishockey,Eishockey,2007,488,307,18,797,157,108,689,71,724,100,299,316,65,17,177,72,154,394,1659,11407,459,11866,2001,,1514552,151433,1665985
Eiskunstlauf/ Eistanz,Eislauf,2007,109,405,16,519,95,256,262,384,130,336,95,47,24,17,331,77,50,61,643,220,4345,4565,1113,,285301,28528,313829
Eisschnelllauf/ Short Track,Eislauf,2007,0,2,0,2,2,2,0,0,2,0,1,1,0,0,1,0,0,1,6,8,5,13,4,,1306,131,1437
Faustball,Turnen,2007,24,78,7,107,39,38,69,4,98,68,34,5,0,0,25,45,21,16,115,726,331,1057,236,,80229,8023,88252
Fechten,Fechten,2007,85,89,9,178,43,23,155,33,141,104,44,22,8,0,85,42,20,31,130,1687,790,2477,348,,173442,17348,190790
Freitauchen,Freitauchen,2007,0,3,0,3,1,0,3,1,2,3,0,0,0,0,3,0,0,0,0,16,15,31,3,,1140,114,1254
Fussball,Fussball,2007,1271,8910,179,10240,1557,1121,9119,211,9970,1313,6608,1913,270,136,870,870,6215,2285,5833,135668,14226,149894,14060,,12021859,1201072,13222931
Geräteturnen,Geräte- und Kunstturnen,2007,629,656,25,1293,528,268,1025,54,1231,637,528,119,9,0,502,486,198,107,743,3837,13059,16896,3570,,1262392,126159,1388551
Gymnastik und Tanz,Gymnastik und Tanz,2007,313,355,5,669,263,168,501,276,392,588,67,13,0,1,505,113,26,25,124,224,7396,7620,1014,,376120,37617,413737
Handball,Handball,2007,731,330,38,1069,205,74,995,55,1006,326,521,165,48,9,251,296,364,158,1414,10240,4865,15105,1907,,1673311,166848,1840159
Inlinehockey,Rollsport,2007,38,26,0,64,25,16,48,4,60,22,42,0,0,0,3,11,24,26,54,712,30,742,124,,84588,8458,93046
Judo,Judo,2007,647,794,54,1469,312,298,1168,463,978,1324,120,25,0,0,975,249,137,108,503,12757,5007,17764,3517,,851913,84746,936659
Ju-Jitsu,Ju-Jitsu,2007,85,83,5,170,85,61,109,47,121,144,23,3,0,0,153,13,1,3,34,1094,790,1884,391,,90134,9015,99149
Karate,Karate,2007,562,536,38,1112,224,233,877,675,423,574,435,87,15,1,795,196,75,46,578,8554,4922,13476,2620,,962026,95512,1057538
Korbball,Turnen,2007,48,71,12,127,67,39,88,22,97,100,26,1,0,0,49,43,28,7,92,451,1111,1562,288,,80676,8070,88746
Kunstradfahren,Radsport,2007,39,23,1,62,28,50,12,15,47,36,19,5,2,0,21,24,6,11,43,52,332,384,132,,33657,3365,37022
Kunstturnen,Geräte- und Kunstturnen,2007,108,104,3,213,120,116,97,3,209,45,51,48,49,20,70,57,46,40,428,876,931,1807,700,,282205,28223,310428
Landhockey,Landhockey,2007,55,15,5,72,17,17,55,3,67,32,38,2,0,0,20,36,12,4,66,571,281,852,204,,82451,8247,90698
Leichtathletik,Leichtathletik,2007,545,880,68,1467,453,335,1131,77,1348,779,384,200,71,33,420,308,247,492,1947,9203,10457,19660,3899,,1556621,155588,1712209
Mountainbike,Radsport,2007,34,85,9,124,73,47,76,11,108,94,24,5,0,1,68,20,11,25,168,1259,312,1571,374,,80153,8016,88169
Nationalturnen,Nationalturnen,2007,15,13,0,28,24,7,21,0,28,21,7,0,0,0,5,7,6,10,7,282,18,300,68,,21435,2144,23579
Orientierungslauf,Orientierungslauf,2007,35,106,13,150,73,51,97,12,129,116,28,6,0,0,20,19,23,88,467,930,793,1723,738,,116326,11501,127827
Quer (Radsport),Radsport,2007,1,7,0,8,6,4,4,0,8,4,3,1,0,0,4,1,0,3,34,52,6,58,19,,4706,471,5177
Radball,Radsport,2007,13,37,0,50,19,24,26,2,48,31,16,3,0,0,23,7,5,15,47,441,11,452,115,,35692,3264,38956
Reiten,Pferdesport,2007,133,204,35,353,59,283,63,153,184,326,23,4,0,0,289,26,8,30,467,95,2048,2143,472,,108531,10851,119382
Rettungsschwimmen,Schwimmsport,2007,78,122,2,202,64,57,145,128,72,189,12,1,0,0,149,49,4,0,53,924,1506,2430,607,,90694,8999,99693
Rhönrad,Rhönrad,2007,8,1,0,9,5,2,7,0,9,8,1,0,0,0,3,5,1,0,13,0,115,115,16,,7610,761,8371
Rhythmische Gymnastik,Gymnastik und Tanz,2007,24,67,1,92,38,52,40,1,90,18,25,37,10,2,31,19,19,23,88,0,700,700,226,,86392,8641,95033
Ringen,Ringen,2007,52,15,4,68,29,18,50,4,63,21,33,14,0,0,10,5,23,30,144,685,54,739,214,,97297,9730,107027
Rock n` Roll,Gymnastik und Tanz,2007,61,32,5,95,31,34,61,36,57,62,24,8,1,0,61,12,8,14,50,312,545,857,200,,67767,6775,74542
Rollhockey,Rollsport,2007,14,39,0,53,14,15,38,0,53,21,32,0,0,0,8,27,14,4,3,586,56,642,104,,47918,4792,52710
Rollkunstlauf,Rollsport,2007,9,3,2,12,4,7,5,2,10,7,2,3,0,0,6,3,1,2,18,6,86,92,24,,9228,923,10151
Rugby,Rugby,2007,25,4,1,29,12,2,27,1,28,12,17,0,0,0,6,14,7,2,50,425,10,435,82,,43634,4310,47944
Schwimmen,Schwimmsport,2007,510,437,48,965,190,258,707,563,384,570,142,118,79,56,617,160,81,107,1569,4535,6185,10720,2059,,943271,94327,1037598
Schwingen,Nationalturnen,2007,208,41,4,253,113,85,168,5,244,195,52,5,1,0,47,22,71,113,146,2903,33,2936,896,,236161,23629,259790
Speedskating (Rollsport),Rollsport,2007,1,11,0,12,7,7,5,0,12,11,1,0,0,0,6,0,1,5,0,59,41,100,40,,4287,430,4717
Squash,Squash,2007,18,42,1,61,18,35,26,15,45,54,5,2,0,0,23,6,9,23,21,304,140,444,96,,29574,2628,32202
Strasse (Radsport),Radsport,2007,31,38,0,69,46,43,26,4,65,42,18,6,0,3,15,11,11,32,181,492,106,598,248,,56813,5682,62495
Streethockey,Landhockey,2007,42,9,2,51,15,14,37,6,45,23,27,1,0,0,8,18,15,10,20,584,44,628,96,,58344,5834,64178
Synchronized Skating,Eislauf,2007,0,9,1,10,3,3,7,6,3,9,1,0,0,0,8,0,2,0,22,5,102,107,14,,5176,518,5694
Synchronschwimmen,Schwimmsport,2007,63,26,7,92,29,27,65,14,75,21,29,20,14,8,45,22,13,12,232,32,876,908,248,,148616,14863,163479
Tanzsport,Gymnastik und Tanz,2007,0,10,0,10,5,3,7,5,5,9,0,1,0,0,7,2,1,0,0,14,74,88,12,,3615,321,3936
Tchoukball,Tchoukball,2007,34,2,0,36,8,12,24,0,36,33,3,0,0,0,26,5,4,1,0,280,104,384,92,,27716,2772,30488
Tennis,Tennis,2007,859,6736,41,7625,740,6813,809,5298,2297,7289,262,54,11,9,6278,760,253,334,1126,23656,14516,38172,10720,,1600468,159769,1760237
Tischtennis,Tischtennis,2007,235,65,0,300,159,69,231,30,270,196,91,12,1,0,137,62,40,61,48,2647,404,3051,662,,271156,21776,292932
Trampolin,Geräte- und Kunstturnen,2007,17,23,1,40,24,24,16,1,39,19,16,4,1,0,15,16,7,2,22,100,194,294,99,,28841,2885,31726
Trial (Radsport),Radsport,2007,5,5,0,10,6,4,6,2,8,6,2,2,0,0,3,3,2,2,12,73,4,77,32,,8688,869,9557
Triathlon,Triathlon,2007,11,25,0,36,25,19,17,16,20,14,8,11,2,1,14,7,8,7,65,197,152,349,117,,33830,3383,37213
Turnen,Turnen,2007,2213,1996,54,4224,1415,925,3299,804,3405,3657,535,24,6,2,2231,1470,359,164,1046,19915,32149,52064,10441,,2712279,268877,2981156
Unihockey,Unihockey,2007,721,325,26,1049,250,116,933,55,991,494,472,76,7,0,199,624,193,33,785,11721,2735,14456,1802,,1314070,131048,1445118
Volleyball,Volleyball,2007,1188,505,56,1704,440,275,1429,109,1584,1147,474,69,8,6,653,556,342,153,793,3714,16380,20094,3082,,1745900,173482,1919382
Voltigieren (Pferdesport),Pferdesport,2007,34,56,1,91,31,59,32,17,73,47,28,13,2,1,45,30,15,1,212,19,687,706,116,,67994,6801,74795
Wasserball,Schwimmsport,2007,42,21,5,66,22,19,46,12,51,31,14,12,7,2,34,15,11,6,122,541,193,734,146,,88762,8876,97638
Wasserspringen,Schwimmsport,2007,14,19,3,36,9,27,9,5,28,23,10,2,1,0,25,8,1,2,31,134,106,240,61,,22022,2203,24225
BMX (Radsport),Radsport,2008,13,13,0,26,11,4,22,0,26,7,17,2,0,0,4,4,8,10,29,258,21,279,49,,35461,3535,38996
Badminton,Badminton,2008,336,128,14,478,161,137,340,100,364,386,54,16,3,5,248,101,59,70,199,3043,2522,5565,1115,,412727,41025,453752
Bahn (Radsport),Radsport,2008,1,0,0,1,1,0,1,0,1,0,1,0,0,0,1,0,0,0,0,27,3,30,3,,2761,276,3037
Baseball/Softball,Baseball/Softball,2008,0,45,1,46,17,29,17,2,43,31,13,1,0,0,31,8,6,1,15,297,105,402,101,,19619,1940,21559
Basketball,Basketball,2008,549,200,4,753,149,127,624,29,720,234,385,111,12,7,131,232,245,143,176,6547,2961,9508,1314,,1187141,118327,1305468
Curling,Curling,2008,10,78,0,88,34,66,22,5,83,69,19,0,0,0,27,31,11,19,9,380,291,671,183,,36981,3662,40643
Eishockey,Eishockey,2008,493,260,24,777,145,151,625,89,664,117,341,258,33,4,163,76,172,365,1554,11495,388,11883,2105,,1503291,149992,1653283
Eiskunstlauf/ Eistanz,Eislauf,2008,108,422,31,561,104,343,213,388,142,334,101,46,24,25,344,100,60,57,833,246,4438,4684,1194,,322160,31944,354104
Eisschnelllauf/ Short Track,Eislauf,2008,0,2,0,2,2,2,0,0,2,0,1,1,0,0,1,1,0,0,5,5,4,9,4,,1223,122,1345
Faustball,Turnen,2008,26,86,9,121,46,57,64,4,108,77,30,5,0,0,30,51,26,14,123,859,441,1300,288,,91564,9102,100666
Fechten,Fechten,2008,88,48,9,145,38,29,116,23,113,68,46,18,4,0,63,42,25,15,154,1435,621,2056,330,,166391,16565,182956
Freitauchen,Freitauchen,2008,2,1,0,3,1,0,3,0,3,1,2,0,0,0,3,0,0,0,0,17,15,32,6,,3298,328,3626
Fussball,Fussball,2008,1423,8018,144,9585,1435,1448,8105,79,9362,1466,6025,1629,235,86,815,793,5718,2227,4976,121685,14163,135848,13353,,11606780,1154566,12761346
Geräteturnen,Geräte- und Kunstturnen,2008,658,571,23,1252,519,392,859,44,1185,635,506,79,9,0,446,508,194,103,549,3650,12765,16415,3520,,1243816,123490,1367306
Gymnastik und Tanz,Gymnastik und Tanz,2008,323,296,6,625,237,197,428,261,358,529,81,9,0,0,471,110,24,20,147,247,7101,7348,979,,381138,37764,418902
Handball,Handball,2008,678,296,32,1006,202,138,866,28,946,329,461,140,36,8,211,273,354,166,1203,9524,4437,13961,1822,,1613634,160846,1774480
Inlinehockey,Rollsport,2008,47,23,1,71,28,14,57,2,68,31,39,0,0,0,6,24,20,21,20,802,45,847,142,,93596,9326,102922
Ju-Jitsu,Ju-Jitsu,2008,72,69,4,145,72,61,83,38,103,124,15,2,0,0,143,2,0,0,23,977,633,1610,333,,76831,7618,84449
Judo,Judo,2008,679,612,33,1324,280,448,874,453,838,1188,87,16,0,0,921,203,120,79,300,10995,4365,15360,3171,,780235,77326,857561
Karate,Karate,2008,504,417,25,946,209,285,657,568,353,495,344,67,14,1,705,142,76,22,296,6966,4043,11009,2254,,782231,77778,860009
Korbball,Turnen,2008,48,60,8,116,66,40,76,15,93,91,17,0,0,0,40,47,17,12,67,456,950,1406,257,,81953,8143,90096
Kunstradfahren,Radsport,2008,36,21,1,58,25,49,9,11,46,34,18,3,2,0,17,18,14,9,11,48,330,378,99,,34710,3447,38157
Kunstturnen,Geräte- und Kunstturnen,2008,92,77,0,169,96,106,63,2,167,41,44,42,28,14,61,57,29,22,281,602,794,1396,566,,215062,21430,236492
Landhockey,Landhockey,2008,60,15,7,82,18,33,49,1,74,39,33,3,0,0,25,30,22,5,54,653,316,969,196,,89493,8901,98394
Leichtathletik,Leichtathletik,2008,525,840,77,1442,453,403,1030,50,1315,767,344,177,60,17,435,298,242,459,1766,9112,10752,19864,4021,,1555700,154640,1710340
Mountainbike,Radsport,2008,54,85,9,148,80,73,74,5,134,112,22,5,0,0,72,27,12,37,195,1409,390,1799,486,,102656,10212,112868
Nationalturnen,Nationalturnen,2008,13,5,0,18,16,6,12,0,18,12,6,0,0,0,2,4,7,5,0,209,22,231,57,,16654,1659,18313
Orientierungslauf,Orientierungslauf,2008,33,77,21,131,66,64,65,12,98,89,18,3,0,0,29,15,11,75,285,857,721,1578,661,,88564,8811,97375
Quer (Radsport),Radsport,2008,4,6,0,10,8,6,4,0,10,5,4,1,0,0,3,1,2,4,21,76,15,91,46,,8623,860,9483
Radball,Radsport,2008,18,12,0,30,13,12,18,2,28,21,6,3,0,0,8,7,8,7,22,277,9,286,76,,29460,2933,32393
Reiten,Pferdesport,2008,135,293,37,465,69,427,24,215,213,392,22,11,3,0,400,32,16,17,567,124,2449,2573,609,,131630,12370,144000
Rettungsschwimmen,Schwimmsport,2008,69,129,0,198,68,60,138,137,61,192,6,0,0,0,174,20,4,0,37,978,1468,2446,587,,85590,8481,94071
Rhythmische Gymnastik,Gymnastik und Tanz,2008,32,59,1,92,31,64,28,1,90,31,23,27,8,2,31,16,14,31,92,0,694,694,228,,86667,8622,95289
Rhönrad,Rhönrad,2008,9,4,0,13,4,3,10,0,13,10,1,2,0,0,3,10,0,0,60,5,166,171,30,,16712,1665,18377
Ringen,Ringen,2008,51,6,6,63,24,19,44,1,56,20,26,10,1,0,12,12,15,24,121,633,63,696,223,,90017,8977,98994
Rock n` Roll,Gymnastik und Tanz,2008,48,21,3,72,26,42,30,20,49,47,14,8,0,0,48,10,10,4,29,236,407,643,156,,52039,5173,57212
Rollhockey,Rollsport,2008,11,41,1,53,12,14,39,0,52,18,34,0,0,0,9,28,13,3,13,524,81,605,97,,46542,4634,51176
Rollkunstlauf,Rollsport,2008,8,3,2,13,5,7,5,0,11,6,2,2,1,0,9,3,1,0,22,8,115,123,24,,10198,1014,11212
Rugby,Rugby,2008,31,6,1,38,14,10,27,1,36,26,11,0,0,0,8,19,7,4,22,625,21,646,94,,43235,4302,47537
Schwimmen,Schwimmsport,2008,517,390,45,952,186,336,616,521,386,518,147,118,72,52,605,150,99,98,1607,4519,5988,10507,2043,,966801,95089,1061890
Schwingen,Nationalturnen,2008,206,37,4,247,118,86,161,2,241,194,47,1,1,0,55,21,67,104,149,2787,54,2841,846,,240079,23906,263985
Speedskating (Rollsport),Rollsport,2008,2,10,0,12,9,8,4,1,11,6,5,1,0,0,5,1,3,3,10,53,39,92,42,,7338,731,8069
Squash,Squash,2008,24,61,0,85,23,59,26,27,58,77,6,2,0,0,35,9,5,36,10,424,178,602,185,,37412,3693,41105
Strasse (Radsport),Radsport,2008,34,25,3,62,37,40,22,5,54,40,12,4,0,3,16,10,9,27,235,470,76,546,228,,54537,5321,59858
Streethockey,Landhockey,2008,36,9,1,46,14,15,31,8,37,23,22,0,0,0,4,17,18,7,13,507,25,532,90,,53955,5371,59326
Synchronized Skating,Eislauf,2008,1,12,2,15,4,4,11,6,7,10,3,0,0,0,13,2,0,0,12,35,138,173,24,,6856,677,7533
Synchronschwimmen,Schwimmsport,2008,59,27,6,92,28,50,42,5,81,14,31,24,14,3,39,23,18,12,197,0,888,888,231,,138747,13830,152577
Tanzsport,Gymnastik und Tanz,2008,6,22,0,28,11,7,21,20,8,27,0,1,0,0,21,4,1,2,0,80,221,301,41,,11011,1050,12061
Tchoukball,Tchoukball,2008,37,1,0,38,14,15,23,0,38,32,6,0,0,0,25,8,3,2,0,289,113,402,81,,32593,3242,35835
Tennis,Tennis,2008,838,7029,51,7918,712,7173,734,5544,2323,7582,215,49,10,11,6893,516,205,293,1045,24781,14334,39115,11283,,1657718,162529,1820247
Tischtennis,Tischtennis,2008,238,65,2,305,154,99,206,18,285,202,84,11,6,0,137,60,44,64,47,2737,401,3138,704,,286687,25546,312233
Trampolin,Geräte- und Kunstturnen,2008,24,13,2,39,20,21,17,0,37,13,21,3,0,0,14,8,14,3,23,120,196,316,138,,37270,3708,40978
Trial (Radsport),Radsport,2008,2,9,0,11,5,8,3,4,7,10,1,0,0,0,6,5,0,0,6,80,3,83,27,,3943,390,4333
Triathlon,Triathlon,2008,20,20,5,45,28,25,19,13,27,11,12,12,3,2,16,6,14,8,118,242,172,414,179,,53431,5330,58761
Turnen,Turnen,2008,2240,1790,61,4091,1355,1231,2857,777,3253,3562,433,29,4,2,2213,1410,307,158,1143,18892,31664,50556,10317,,2717223,269116,2986339
Unihockey,Unihockey,2008,738,265,19,1022,248,164,858,34,969,537,401,61,4,0,198,587,194,43,745,10804,2766,13570,1731,,1309961,130438,1440399
Volleyball,Volleyball,2008,1181,496,49,1726,436,407,1317,64,1613,1227,400,43,5,2,647,585,367,125,638,3891,16540,20431,3139,,1748027,173357,1921384
Voltigieren (Pferdesport),Pferdesport,2008,36,50,0,86,30,49,37,6,80,40,28,16,2,0,44,18,16,8,206,17,624,641,137,,72332,7196,79528
Wasserball,Schwimmsport,2008,43,14,7,64,25,20,43,11,46,21,12,14,9,1,36,10,12,6,123,512,191,703,132,,103339,10306,113645
Wasserspringen,Schwimmsport,2008,10,21,0,31,10,24,7,3,28,16,11,2,2,0,20,8,0,3,24,133,101,234,53,,20151,2000,22151
Bahn (Radsport),Radsport,2009,4,0,0,4,2,1,3,0,4,4,0,0,0,0,1,1,1,1,0,57,8,65,15,,3350,333,3683
Baseball/Softball,Baseball/Softball,2009,0,30,2,32,15,29,3,2,28,13,15,1,1,0,16,5,6,3,9,164,44,208,88,,11690,1158,12848
Basketball,Basketball,2009,502,217,18,737,146,219,518,28,691,175,373,144,21,6,194,227,182,116,148,5507,2339,7846,1429,,1044161,104057,1148218
Curling,Curling,2009,6,67,0,73,34,58,15,3,70,51,22,0,0,0,26,8,13,26,7,278,223,501,184,,29616,2933,32549
Eishockey,Eishockey,2009,454,227,31,712,141,211,501,86,595,71,277,288,44,1,106,92,173,316,1383,8743,421,9164,2063,,1349326,134613,1483939
Eiskunstlauf/ Eistanz,Eislauf,2009,97,367,28,492,90,377,115,354,110,278,86,60,23,17,310,68,37,49,543,256,3318,3574,1234,,242125,23986,266111
Eisschnelllauf/ Short Track,Eislauf,2009,3,1,0,4,2,3,1,2,2,0,2,1,1,0,1,2,0,1,0,3,29,32,12,,3392,337,3729
Faustball,Turnen,2009,20,75,5,100,39,66,34,3,92,55,36,4,0,0,33,35,14,13,68,523,261,784,265,,63048,6261,69309
Fechten,Fechten,2009,73,70,5,148,37,59,89,29,114,77,38,23,5,0,82,20,13,28,55,1217,511,1728,385,,136966,13461,150427
Freitauchen,Freitauchen,2009,1,3,1,5,2,5,0,0,4,3,0,1,0,0,4,0,0,0,8,6,6,12,12,,1649,163,1812
Fussball,Fussball,2009,1524,7780,197,9501,1498,2087,7414,134,9170,621,6344,1991,267,81,802,677,4996,2829,4587,109869,11972,121841,13971,,11383477,1134770,12518247
Geräteturnen,Geräte- und Kunstturnen,2009,649,565,40,1254,528,554,700,49,1165,565,553,87,9,0,566,381,190,79,553,2955,11280,14235,4083,,1134283,111756,1246039
Gymnastik und Tanz,Gymnastik und Tanz,2009,290,297,8,595,241,258,337,242,345,483,97,7,0,0,464,78,32,13,71,266,5888,6154,1038,,319289,31674,350963
Handball,Handball,2009,650,240,43,933,195,240,693,18,872,263,452,140,31,4,199,258,307,132,862,7111,3485,10596,1918,,1417336,141264,1558600
Inlinehockey,Rollsport,2009,32,22,1,55,20,17,38,2,52,19,34,1,0,0,2,24,13,15,19,535,48,583,118,,63734,6344,70078
Ju-Jitsu,Ju-Jitsu,2009,79,85,4,168,80,86,82,42,122,140,21,3,0,0,164,1,0,0,24,1041,589,1630,466,,86373,8561,94934
Judo,Judo,2009,544,617,32,1193,262,554,639,384,777,1077,71,13,0,0,870,145,75,75,283,8855,3455,12310,3453,,612145,60651,672796
Karate,Karate,2009,403,404,21,828,183,348,480,477,330,444,291,60,9,3,657,89,48,17,185,5194,2872,8066,2216,,577153,57344,634497
Korbball,Turnen,2009,43,60,2,105,58,54,51,14,89,77,26,0,0,0,53,31,15,5,30,266,809,1075,239,,62676,6218,68894
Kunstradfahren,Radsport,2009,28,29,3,60,24,51,9,9,48,31,18,2,6,0,27,9,16,6,21,35,323,358,156,,34143,3388,37531
Kunstturnen,Geräte- und Kunstturnen,2009,93,57,5,155,89,114,41,1,149,43,40,31,17,19,71,32,17,31,354,398,685,1083,604,,179472,17876,197348
Landhockey,Landhockey,2009,62,7,5,74,17,46,28,4,65,27,38,4,0,0,26,24,9,10,44,417,191,608,209,,76061,7571,83632
Leichtathletik,Leichtathletik,2009,459,770,91,1320,449,593,727,55,1174,657,323,186,51,12,414,221,171,426,1414,6454,7353,13807,4194,,1172732,116600,1289332
Mountainbike,Radsport,2009,29,90,5,124,73,83,41,8,111,93,21,5,0,0,70,17,4,28,184,820,196,1016,539,,66137,6566,72703
Nationalturnen,Nationalturnen,2009,9,5,0,14,12,7,7,2,12,11,3,0,0,0,2,9,1,2,0,166,2,168,55,,9217,917,10134
Orientierungslauf,Orientierungslauf,2009,30,90,20,140,68,82,58,14,106,90,25,5,0,0,16,6,16,85,298,621,490,1111,869,,89065,8860,97925
Quer (Radsport),Radsport,2009,7,1,0,8,4,4,4,1,7,4,3,1,0,0,3,0,3,2,40,61,3,64,50,,9274,923,10197
Radball,Radsport,2009,22,24,0,46,19,33,13,3,43,34,11,1,0,0,15,13,8,10,50,340,19,359,134,,29643,2943,32586
Reiten,Pferdesport,2009,57,188,34,279,63,275,4,118,127,214,21,9,0,1,218,17,3,16,294,163,1160,1323,462,,67856,6494,74350
Rettungsschwimmen,Schwimmsport,2009,69,125,5,199,73,91,108,143,51,181,10,3,0,0,157,36,0,1,64,801,1254,2055,723,,80641,7986,88627
Rhythmische Gymnastik,Gymnastik und Tanz,2009,25,61,1,87,37,69,18,1,85,17,28,25,16,0,30,17,24,15,134,4,574,578,237,,77190,7683,84873
Rhönrad,Rhönrad,2009,12,4,2,18,6,11,7,3,13,11,4,1,0,0,12,3,1,0,10,26,150,176,48,,13164,1308,14472
Ringen,Ringen,2009,18,8,1,27,13,18,9,2,24,10,9,7,0,0,8,0,2,16,22,185,24,209,80,,23765,2366,26131
Rock n` Roll,Gymnastik und Tanz,2009,37,21,5,63,22,49,14,23,35,38,15,5,0,0,47,4,5,4,25,139,317,456,161,,34811,3456,38267
Rollhockey,Rollsport,2009,16,33,0,49,17,28,21,3,46,10,36,3,0,0,9,29,7,4,7,345,50,395,101,,39507,3930,43437
Rollkunstlauf,Rollsport,2009,11,6,4,21,5,12,9,0,17,10,4,1,2,0,16,3,1,0,23,40,124,164,55,,12140,1204,13344
Rugby,Rugby,2009,30,5,0,35,15,7,28,2,33,23,12,0,0,0,13,11,8,3,12,523,9,532,98,,42046,4189,46235
Schwimmen,Schwimmsport,2009,414,407,69,890,180,486,404,488,333,413,144,141,66,57,598,126,53,47,1286,3387,4379,7766,2258,,781559,77779,859338
Schwingen,Nationalturnen,2009,139,45,1,185,98,84,101,4,180,144,36,3,1,0,54,18,45,67,86,1818,23,1841,690,,154464,15380,169844
Speedskating (Rollsport),Rollsport,2009,2,10,0,12,7,9,3,2,10,6,5,0,1,0,10,0,0,2,0,53,42,95,58,,6395,636,7031
Squash,Squash,2009,28,34,1,63,25,49,14,13,49,55,6,1,0,0,34,7,8,13,20,319,105,424,159,,29048,2439,31487
Strasse (Radsport),Radsport,2009,17,27,2,46,33,33,13,4,40,22,14,6,0,2,13,4,6,21,94,297,30,327,162,,33547,3340,36887
Streethockey,Landhockey,2009,28,5,0,33,14,15,18,6,27,14,19,0,0,0,6,15,9,3,6,316,22,338,58,,37554,3740,41294
Synchronized Skating,Eislauf,2009,3,9,2,14,6,5,9,8,4,8,4,0,0,0,6,2,3,1,16,4,147,151,20,,7391,731,8122
Synchronschwimmen,Schwimmsport,2009,50,22,10,82,29,67,15,2,70,11,21,22,10,8,46,18,7,1,184,3,560,563,246,,94070,9366,103436
Tanzsport,Gymnastik und Tanz,2009,4,16,0,20,10,9,11,15,5,17,2,1,0,0,10,3,6,1,6,42,134,176,29,,7813,776,8589
Tchoukball,Tchoukball,2009,40,3,0,43,16,24,19,0,43,37,6,0,0,0,36,5,1,1,0,271,108,379,106,,30204,2997,33201
Tennis,Tennis,2009,465,4620,65,5150,726,4796,354,3418,1667,4802,221,39,11,12,4572,174,130,210,389,15528,8735,24263,9052,,1051670,103462,1155132
Tischtennis,Tischtennis,2009,224,53,0,277,147,130,147,13,264,190,73,13,1,0,167,38,19,53,30,2308,319,2627,758,,229508,22843,252351
Trampolin,Geräte- und Kunstturnen,2009,27,23,2,52,26,32,20,0,50,25,20,5,0,0,26,8,13,4,56,167,264,431,251,,45371,4509,49880
Trial (Radsport),Radsport,2009,3,8,0,11,6,9,2,3,8,8,2,1,0,0,6,2,1,2,6,75,6,81,38,,7266,722,7988
Triathlon,Triathlon,2009,11,15,2,28,21,21,7,7,19,2,8,12,2,2,14,3,2,8,76,104,93,197,127,,29511,2946,32457
Turnen,Turnen,2009,2026,1572,67,3665,1360,1633,2032,684,2914,3074,490,31,3,0,2294,901,273,135,768,14661,24218,38879,10687,,2178102,215714,2393816
Unihockey,Unihockey,2009,732,251,33,1016,258,299,717,33,950,440,473,66,4,0,307,536,108,33,552,9270,2329,11599,1882,,1220641,121558,1342199
Volleyball,Volleyball,2009,1136,477,48,1661,431,622,1039,64,1549,1045,505,55,6,2,702,499,288,131,449,3074,13650,16724,3321,,1540594,153179,1693773
Voltigieren (Pferdesport),Pferdesport,2009,35,42,5,82,37,65,17,10,67,31,27,13,6,0,43,17,12,6,205,21,534,555,162,,64199,6328,70527
Wasserball,Schwimmsport,2009,44,18,3,65,24,28,37,9,53,25,15,15,6,1,36,11,10,5,103,436,160,596,164,,93721,9345,103066
Wasserspringen,Schwimmsport,2009,18,10,0,28,10,20,8,1,27,15,10,3,0,0,23,4,1,0,0,112,81,193,67,,18365,1823,20188
Bahn (Radsport),Radsport,2010,2,2,0,4,2,1,3,1,3,3,1,0,0,0,4,0,0,0,0,82,14,96,11,,4640,462,5102
Baseball/Softball,Baseball/Softball,2010,2,25,1,28,12,21,7,2,25,8,18,1,0,0,13,7,4,3,4,166,32,198,77,,13041,1295,14336
Basketball,Basketball,2010,558,159,13,730,149,221,509,26,691,131,405,138,32,11,193,198,210,116,126,5314,2160,7474,1425,,1159757,115664,1275421
Curling,Curling,2010,4,58,0,62,26,48,14,0,62,41,21,0,0,0,27,6,9,20,6,237,196,433,146,,25775,2554,28329
Eishockey,Eishockey,2010,479,201,25,705,146,201,504,85,595,61,256,308,54,1,144,73,170,293,1318,7756,327,8083,2130,,1351714,134880,1486594
Eiskunstlauf/ Eistanz,Eislauf,2010,110,426,44,580,100,412,168,390,146,319,107,59,32,19,391,77,36,32,690,240,3725,3965,1344,,280871,27841,308712
Eisschnelllauf/ Short Track,Eislauf,2010,0,1,0,1,1,1,0,0,1,0,0,1,0,0,0,0,0,1,16,4,2,6,2,,1100,110,1210
Faustball,Turnen,2010,26,70,6,102,39,52,50,3,93,54,36,5,1,0,20,45,16,15,79,548,235,783,273,,74249,7382,81631
Fechten,Fechten,2010,90,36,4,130,34,52,78,27,99,71,32,17,3,3,70,17,13,26,64,996,419,1415,359,,143239,14271,157510
Freitauchen,Freitauchen,2010,1,1,0,2,1,2,0,0,2,1,1,0,0,0,2,0,0,0,0,6,6,12,4,,722,71,793
Fussball,Fussball,2010,2816,5817,211,8844,1389,1871,6973,124,8509,524,5892,1906,256,55,816,670,4450,2697,4515,97616,11181,108797,12945,,12086233,1205057,13291290
Geräteturnen,Geräte- und Kunstturnen,2010,830,399,39,1268,528,514,754,58,1171,555,558,110,6,0,594,412,158,65,664,3014,11070,14084,4069,,1268172,126246,1394418
Golf,Golf,2010,8,106,5,119,28,95,24,34,80,94,18,2,0,0,68,14,10,22,32,522,255,777,238,,35600,3507,39107
Gymnastik und Tanz,Gymnastik und Tanz,2010,358,309,10,677,250,289,388,301,366,563,90,14,0,0,555,78,23,11,97,329,6608,6937,1140,,379185,37654,416839
Handball,Handball,2010,748,192,36,976,216,238,738,25,915,246,494,157,39,4,232,231,347,130,934,7192,3553,10745,2061,,1566102,156220,1722322
Inlinehockey,Rollsport,2010,44,26,1,71,26,27,44,5,65,22,47,1,0,0,7,22,16,25,57,674,66,740,144,,85102,8478,93580
Ju-Jitsu,Ju-Jitsu,2010,105,72,6,183,83,101,82,45,132,159,17,1,0,0,176,1,0,0,32,981,585,1566,430,,89507,8868,98375
Judo,Judo,2010,616,562,34,1212,255,547,665,400,778,1083,80,13,1,1,904,105,83,86,247,8735,3055,11790,3377,,650408,64523,714931
Karate,Karate,2010,506,340,16,862,206,463,399,555,291,466,318,58,3,1,760,53,20,13,175,4956,2610,7566,2414,,570012,56625,626637
Korbball,Turnen,2010,47,60,2,109,60,62,47,14,93,83,24,0,0,0,43,45,13,6,21,246,690,936,256,,65097,6462,71559
Kunstradfahren,Radsport,2010,36,8,1,45,20,38,7,9,35,23,14,6,1,0,22,7,6,9,9,37,225,262,123,,31762,3156,34918
Kunstturnen,Geräte- und Kunstturnen,2010,70,58,4,132,77,100,32,1,127,30,28,22,23,25,48,22,36,22,237,297,628,925,445,,148857,14832,163689
Landhockey,Landhockey,2010,57,5,5,67,15,32,35,2,60,19,36,7,0,0,24,25,9,4,42,370,174,544,193,,77707,7738,85445
Leichtathletik,Leichtathletik,2010,601,645,100,1346,473,521,825,59,1187,651,361,175,45,14,452,228,175,391,1500,6489,7506,13995,4189,,1287929,128214,1416143
Mountainbike,Radsport,2010,37,100,6,143,84,86,57,8,129,109,19,9,0,0,76,16,13,32,179,1006,214,1220,602,,85191,8477,93668
Nationalturnen,Nationalturnen,2010,17,4,1,22,19,10,12,1,20,17,4,0,0,0,4,7,6,4,5,234,17,251,78,,16119,1603,17722
Orientierungslauf,Orientierungslauf,2010,33,76,19,128,67,56,72,15,94,83,23,3,0,0,14,5,12,78,281,572,405,977,832,,92520,9216,101736
Quer (Radsport),Radsport,2010,0,1,0,1,1,1,0,0,1,0,0,1,0,0,0,0,0,1,0,4,0,4,21,,636,63,699
Radball,Radsport,2010,27,18,0,45,19,29,16,1,44,34,9,2,0,0,17,13,10,5,32,300,52,352,132,,34087,3388,37475
Reiten,Pferdesport,2010,97,262,48,407,69,393,14,146,213,329,21,7,2,0,317,9,7,26,334,211,1570,1781,654,,96437,9428,105865
Rettungsschwimmen,Schwimmsport,2010,85,124,2,211,79,104,107,154,55,195,12,2,0,0,193,16,0,0,29,936,1273,2209,744,,81063,8029,89092
Rhythmische Gymnastik,Gymnastik und Tanz,2010,22,56,0,78,36,56,22,6,72,20,12,27,18,1,28,14,19,17,95,5,543,548,218,,72342,7204,79546
Rhönrad,Rhönrad,2010,21,9,0,30,10,18,12,6,24,23,7,0,0,0,26,4,0,0,4,19,259,278,78,,19277,1914,21191
Ringen,Ringen,2010,43,13,6,62,26,35,27,0,56,22,23,10,1,0,13,7,7,29,81,464,30,494,267,,60958,6071,67029
Rock n` Roll,Gymnastik und Tanz,2010,52,23,6,81,29,59,22,28,47,59,9,6,1,0,62,2,8,3,60,179,386,565,211,,43465,4310,47775
Rollhockey,Rollsport,2010,27,14,1,42,15,24,18,1,40,8,30,3,0,0,4,22,10,5,16,291,50,341,90,,44490,4427,48917
Rollkunstlauf,Rollsport,2010,8,0,0,8,5,7,1,0,8,2,2,2,2,0,4,1,2,1,5,10,51,61,11,,9173,915,10088
Rugby,Rugby,2010,43,13,1,57,23,28,29,5,51,29,27,0,0,0,26,19,10,1,16,583,16,599,193,,54769,5462,60231
Schwimmen,Schwimmsport,2010,527,310,61,898,199,464,434,515,322,429,122,135,88,63,624,101,72,40,1410,3397,4300,7697,2191,,862925,85907,948832
Schwingen,Nationalturnen,2010,176,45,3,224,104,120,104,2,219,168,48,5,0,0,56,19,59,87,111,2001,40,2041,896,,185147,18426,203573
Speedskating (Rollsport),Rollsport,2010,0,7,0,7,5,5,2,0,7,4,2,0,1,0,5,1,1,0,0,24,23,47,34,,3241,323,3564
Sportschiessen,Sportschiessen,2010,0,285,3,288,192,240,48,99,186,257,24,4,0,0,119,78,40,48,19,1632,344,1976,531,,73988,7335,81323
Squash,Squash,2010,24,68,3,95,26,70,25,19,73,85,6,1,0,0,46,8,9,29,26,487,147,634,258,,35227,3487,38714
Strasse (Radsport),Radsport,2010,13,33,2,48,28,34,14,0,46,27,10,6,1,2,22,3,8,13,85,291,43,334,195,,31171,3102,34273
Streethockey,Landhockey,2010,26,14,0,40,21,20,20,6,34,15,24,0,1,0,7,13,11,9,9,372,23,395,75,,41572,4147,45719
Synchronized Skating,Eislauf,2010,4,5,1,10,5,3,7,7,2,6,3,0,0,0,5,3,0,1,5,3,107,110,15,,5328,528,5856
Synchronschwimmen,Schwimmsport,2010,62,7,9,78,24,54,24,2,67,10,18,20,15,6,38,22,8,1,209,3,502,505,245,,106265,10585,116850
Tanzsport,Gymnastik und Tanz,2010,4,8,0,12,6,7,5,5,7,12,0,0,0,0,9,2,1,0,0,21,65,86,21,,4693,466,5159
Tchoukball,Tchoukball,2010,33,2,0,35,15,22,13,0,35,29,6,0,0,0,27,5,2,1,0,243,94,337,72,,25069,2492,27561
Tennis,Tennis,2010,1138,7065,73,8276,733,7830,446,5754,2449,7969,162,54,9,9,7650,179,133,241,408,24672,11659,36331,12744,,1623056,158411,1781467
Tischtennis,Tischtennis,2010,253,68,1,322,170,141,181,14,307,231,70,13,5,2,196,40,28,57,105,2616,344,2960,891,,273999,27313,301312
Trampolin,Geräte- und Kunstturnen,2010,19,15,1,35,18,22,13,0,34,17,12,5,0,0,13,7,5,9,31,115,160,275,123,,29094,2897,31991
Trial (Radsport),Radsport,2010,7,0,0,7,4,4,3,2,5,4,3,0,0,0,5,0,2,0,16,63,6,69,26,,6310,629,6939
Triathlon,Triathlon,2010,16,17,4,37,25,27,10,13,20,5,12,10,6,0,19,6,4,4,74,123,113,236,187,,31833,3177,35010
Turnen,Turnen,2010,2096,1166,79,3341,1279,1431,1910,640,2622,2771,467,21,2,1,2148,795,215,104,748,12884,21756,34640,9501,,2062569,204911,2267480
Unihockey,Unihockey,2010,807,166,34,1007,268,269,738,30,943,412,489,66,6,0,310,535,92,36,456,9130,2177,11307,1778,,1278322,127490,1405812
Volleyball,Volleyball,2010,1202,411,41,1654,422,624,1030,55,1558,1014,530,56,11,2,726,445,318,124,498,2950,13217,16167,3218,,1607609,159998,1767607
Voltigieren (Pferdesport),Pferdesport,2010,51,43,6,100,35,89,11,14,80,35,35,16,7,1,38,37,15,4,269,22,581,603,217,,69000,6858,75858
Wasserball,Schwimmsport,2010,47,14,4,65,23,28,37,12,49,14,17,20,7,3,35,11,9,6,115,444,158,602,170,,107707,10742,118449
Wasserspringen,Schwimmsport,2010,15,11,3,29,12,25,4,4,22,16,7,2,1,0,20,1,3,2,23,73,64,137,61,,14405,1429,15834
BMX (Radsport),Radsport,2011,0,2,0,2,1,0,2,0,2,0,2,0,0,0,2,0,0,0,0,21,2,23,4,,1650,165,1815
Badminton,Badminton,2011,332,179,16,527,183,207,320,109,402,425,67,11,4,4,335,49,35,92,97,2940,2036,4976,1507,,382301,38242,420543
Bahn (Radsport),Radsport,2011,2,0,0,2,1,0,2,0,2,1,1,0,0,0,2,0,0,0,0,65,9,74,7,,3979,398,4377
Baseball/Softball,Baseball/Softball,2011,2,28,0,30,14,22,8,2,28,13,16,1,0,0,20,3,5,2,0,202,29,231,86,,14004,1402,15406
Basketball,Basketball,2011,542,158,10,710,145,189,521,28,672,151,347,168,25,9,192,193,196,119,143,5253,2270,7523,1334,,1146833,114689,1261522
Curling,Curling,2011,4,71,0,75,33,58,17,2,73,43,29,3,0,0,17,13,18,27,52,300,213,513,167,,35588,3561,39149
Eishockey,Eishockey,2011,495,240,39,774,153,204,570,96,639,74,265,312,80,4,184,59,146,346,1206,8643,376,9019,2235,,1516181,151623,1667804
Eiskunstlauf/ Eistanz,Eislauf,2011,94,445,31,570,99,392,178,410,129,356,85,48,30,20,413,66,23,37,616,203,3773,3976,1372,,272919,27294,300213
Eisschnelllauf/ Short Track,Eislauf,2011,0,1,0,1,1,0,1,0,1,0,0,1,0,0,0,1,0,0,27,4,5,9,2,,2803,280,3083
Faustball,Turnen,2011,22,53,5,80,32,39,41,2,73,47,22,6,0,0,22,27,14,12,62,452,168,620,198,,66643,6663,73306
Fechten,Fechten,2011,98,22,3,123,32,57,66,29,91,68,35,11,5,1,71,17,14,18,49,938,415,1353,328,,126840,12686,139526
Freitauchen,Freitauchen,2011,1,1,0,2,1,2,0,0,2,1,1,0,0,0,2,0,0,0,0,9,2,11,4,,722,72,794
Fussball,Fussball,2011,2959,5937,209,9105,1406,1711,7394,161,8735,539,6048,2036,246,27,937,610,4406,2943,4384,102327,11561,113888,13200,,12651088,1265138,13916226
Geräteturnen,Geräte- und Kunstturnen,2011,837,384,49,1270,537,481,789,52,1169,566,547,99,7,2,600,398,166,57,707,3144,11640,14784,4309,,1312549,131269,1443818
Golf,Golf,2011,13,192,12,217,56,168,49,55,150,169,30,6,0,0,139,17,18,31,97,928,495,1423,491,,67813,6780,74593
Gymnastik und Tanz,Gymnastik und Tanz,2011,419,316,16,751,259,319,432,352,383,629,96,9,1,0,611,74,37,13,119,559,7263,7822,1286,,415928,41595,457523
Handball,Handball,2011,763,221,43,1027,197,232,795,28,956,235,517,185,35,12,224,278,357,125,1117,7203,3600,10803,2103,,1691425,169143,1860568
Hornussen,Hornussen,2011,16,23,0,39,39,25,14,2,37,33,6,0,0,0,13,14,7,5,0,306,29,335,83,,20141,2014,22155
Inlinehockey,Rollsport,2011,30,41,0,71,27,23,48,5,66,20,50,1,0,0,9,12,21,29,53,699,47,746,143,,80461,8046,88507
Ju-Jitsu,Ju-Jitsu,2011,104,64,7,175,87,93,82,40,128,149,18,1,0,0,168,0,0,0,40,972,497,1469,471,,92626,9268,101894
Judo,Judo,2011,581,526,34,1141,262,489,652,321,786,1042,53,10,1,1,875,88,76,68,235,8073,2990,11063,3187,,596801,59692,656493
Karate,Karate,2011,433,343,17,793,199,341,452,524,252,426,275,68,6,1,691,52,21,12,124,4914,2590,7504,2170,,559991,56015,616006
Korbball,Turnen,2011,54,49,4,107,63,53,54,10,93,82,20,0,1,0,48,36,12,7,27,241,694,935,262,,68940,6897,75837
Kunstradfahren,Radsport,2011,0,1,0,1,1,1,0,0,1,0,0,0,1,0,0,0,0,1,0,0,4,4,5,,836,84,920
Kunstturnen,Geräte- und Kunstturnen,2011,91,57,2,150,89,113,37,0,148,38,40,29,24,17,69,36,19,24,211,421,615,1036,573,,162054,16209,178263
Landhockey,Landhockey,2011,48,6,4,58,16,31,27,1,53,20,29,5,0,0,21,18,9,6,33,319,123,442,167,,63497,6350,69847
Leichtathletik,Leichtathletik,2011,587,617,102,1306,446,464,842,56,1148,648,342,144,59,11,452,200,150,402,1212,6425,7345,13770,4031,,1250316,125050,1375366
Mountainbike,Radsport,2011,4,6,0,10,7,5,5,1,9,4,5,1,0,0,3,0,2,5,38,80,20,100,40,,11352,1136,12488
Nationalturnen,Nationalturnen,2011,19,11,0,30,26,18,12,3,27,25,5,0,0,0,9,13,5,3,7,276,22,298,91,,17663,1766,19429
Orientierungslauf,Orientierungslauf,2011,30,80,16,126,66,48,78,13,97,84,23,3,0,0,15,8,12,75,266,613,404,1017,834,,94649,9466,104115
Radball,Radsport,2011,3,0,0,3,3,3,0,1,2,3,0,0,0,0,1,1,1,0,0,12,7,19,5,,1288,129,1417
Radsport,Radsport,2011,97,193,12,302,152,171,131,19,271,194,73,21,1,1,156,35,36,63,349,1993,574,2567,1085,,256871,25694,282565
Reiten,Pferdesport,2011,76,256,36,368,65,343,25,157,175,314,13,5,0,0,301,6,9,16,263,199,1405,1604,563,,83127,8315,91442
Rettungsschwimmen,Schwimmsport,2011,88,133,4,225,72,110,115,164,57,207,10,3,1,0,186,32,3,0,51,905,1365,2270,838,,90899,9091,99990
Rhythmische Gymnastik,Gymnastik und Tanz,2011,29,43,0,72,34,51,21,2,70,17,18,24,13,0,33,13,19,7,96,10,511,521,159,,72765,7277,80042
Rhönrad,Rhönrad,2011,21,8,0,29,9,20,9,5,24,25,4,0,0,0,23,4,2,0,0,13,244,257,82,,16150,1615,17765
Ringen,Ringen,2011,31,8,4,43,24,18,25,1,38,18,10,11,0,0,10,2,4,23,43,364,16,380,170,,50192,5022,55214
Rock n` Roll,Gymnastik und Tanz,2011,52,28,7,87,31,63,24,14,66,65,12,2,1,0,63,6,9,2,28,182,405,587,216,,45333,4536,49869
Rollhockey,Rollsport,2011,32,5,1,38,13,19,19,1,36,11,23,2,1,0,8,10,10,9,3,268,44,312,85,,46998,4701,51699
Rollkunstlauf,Rollsport,2011,7,6,2,15,5,13,2,0,13,5,3,2,3,0,6,4,1,2,21,13,74,87,41,,9632,963,10595
Rugby,Rugby,2011,45,16,2,63,28,19,44,5,56,28,31,2,0,0,17,34,10,0,28,678,20,698,190,,70689,7072,77761
Schwimmen,Schwimmsport,2011,475,405,63,943,212,433,510,538,342,491,130,113,81,65,678,101,55,46,1378,3753,4598,8351,2183,,858980,85903,944883
Schwingen,Nationalturnen,2011,202,46,6,254,120,112,142,2,246,179,64,5,0,0,45,33,57,113,169,2614,45,2659,1047,,244191,24420,268611
Speedskating (Rollsport),Rollsport,2011,2,5,0,7,7,6,1,1,6,2,5,0,0,0,3,1,1,2,3,28,19,47,19,,4302,430,4732
Sportschiessen,Sportschiessen,2011,6,679,4,689,422,573,116,235,450,592,91,2,0,0,269,195,97,124,67,3793,751,4544,1405,,185435,18549,203984
Squash,Squash,2011,28,49,0,77,24,49,28,22,55,73,3,1,0,0,40,12,6,19,9,471,118,589,233,,31927,3193,35120
Strasse (Radsport),Radsport,2011,2,1,0,3,2,2,1,0,3,0,3,0,0,0,1,0,1,1,22,21,3,24,16,,3704,370,4074
Streethockey,Landhockey,2011,27,4,0,31,13,11,20,4,27,14,16,0,1,0,2,10,13,6,3,256,15,271,64,,43171,4316,47487
Synchronized Skating,Eislauf,2011,5,13,0,18,10,6,12,6,12,8,7,2,1,0,13,2,3,0,20,0,213,213,55,,13983,1399,15382
Synchronschwimmen,Schwimmsport,2011,62,17,8,87,31,50,37,5,74,19,19,27,7,7,49,25,5,0,197,7,651,658,230,,113453,11347,124800
Tanzsport,Gymnastik und Tanz,2011,10,29,0,39,16,16,23,24,15,39,0,0,0,0,30,3,2,4,0,81,366,447,51,,15188,1520,16708
Tchoukball,Tchoukball,2011,41,6,0,47,19,30,17,0,47,40,7,0,0,0,35,9,3,0,0,299,94,393,90,,33805,3381,37186
Tennis,Tennis,2011,1120,7218,75,8413,741,7939,474,5902,2436,8085,203,33,6,11,7755,208,132,243,415,24882,11535,36417,12542,,1651125,165121,1816246
Tischtennis,Tischtennis,2011,253,92,0,345,166,173,172,29,316,240,86,14,4,1,213,53,29,50,85,2582,316,2898,863,,263925,26405,290330
Trampolin,Geräte- und Kunstturnen,2011,30,26,3,59,28,42,17,0,56,36,15,5,0,0,33,9,10,4,42,175,268,443,206,,36504,3653,40157
Trial (Radsport),Radsport,2011,5,0,0,5,2,4,1,0,5,4,1,0,0,0,3,0,2,0,4,34,0,34,17,,4053,406,4459
Triathlon,Triathlon,2011,16,20,7,43,26,32,11,18,18,6,10,9,7,4,22,8,3,3,102,130,90,220,164,,33641,3364,37005
Turnen,Turnen,2011,2151,1116,69,3336,1286,1430,1906,663,2604,2785,457,24,0,1,2297,685,179,106,677,12798,22229,35027,9261,,2068305,206879,2275184
Unihockey,Unihockey,2011,820,147,43,1010,249,236,774,34,933,389,506,64,6,2,292,541,107,27,569,9252,2092,11344,1821,,1348594,134863,1483457
Volleyball,Volleyball,2011,1257,340,50,1647,424,603,1044,48,1549,1012,498,73,12,2,725,468,270,134,461,2871,12835,15706,3167,,1656746,165687,1822433
Voltigieren (Pferdesport),Pferdesport,2011,55,44,5,104,38,90,14,7,92,31,52,11,4,1,41,39,14,5,239,27,595,622,188,,76505,7651,84156
Wasserball,Schwimmsport,2011,39,10,7,56,25,21,35,9,40,10,15,17,7,0,28,9,6,6,112,413,74,487,139,,81701,8170,89871
Wasserspringen,Schwimmsport,2011,20,4,3,27,10,22,5,0,24,9,9,3,2,1,18,2,2,2,43,100,57,157,76,,22088,2210,24298
Badminton,Badminton,2012,359,164,22,545,191,215,330,112,411,442,67,10,4,0,330,61,33,99,118,2930,2098,5028,1695,,375502,37563,413065
Baseball/Softball,Baseball/Softball,2012,0,33,0,33,15,25,8,1,32,13,19,1,0,0,16,7,6,4,7,214,38,252,119,,14413,1442,15855
Basketball,Basketball,2012,545,133,18,696,143,171,525,43,635,143,362,143,21,9,198,188,193,99,175,5190,2085,7275,1502,,1134653,113468,1248121
Curling,Curling,2012,4,73,0,77,35,55,22,1,76,49,26,2,0,0,16,13,14,34,3,335,234,569,223,,36347,3638,39985
Eishockey,Eishockey,2012,482,211,31,724,140,187,537,91,602,72,260,288,69,4,160,66,163,304,1135,8206,402,8608,2254,,1407316,140738,1548054
Eiskunstlauf/ Eistanz,Eislauf,2012,129,429,40,598,103,428,170,423,135,337,95,61,41,24,437,63,23,35,663,235,3923,4158,1466,,296421,29643,326064
Eisschnelllauf/ Short Track,Eislauf,2012,0,1,0,1,1,0,1,0,1,0,0,1,0,0,1,0,0,0,15,4,4,8,2,,1985,199,2184
Faustball,Turnen,2012,21,69,2,92,41,48,44,2,88,50,33,7,0,0,17,40,18,15,57,567,205,772,243,,74946,7494,82440
Fechten,Fechten,2012,100,53,6,159,35,82,77,30,123,99,21,19,10,4,81,24,12,36,80,1040,488,1528,398,,153972,15397,169369
Fussball,Fussball,2012,3002,5867,204,9073,1410,1628,7445,135,8734,507,6184,1939,222,17,904,688,4451,2826,4367,103512,11278,114790,14674,,12635069,1263538,13898607
Geräteturnen,Geräte- und Kunstturnen,2012,837,394,17,1248,542,440,808,62,1169,557,564,103,6,1,618,393,151,69,341,3274,12087,15361,4967,,1317335,131747,1449082
Golf,Golf,2012,10,217,22,249,56,185,64,57,170,188,36,3,0,0,158,21,15,33,163,1092,541,1633,668,,78720,7876,86596
Gymnastik und Tanz,Gymnastik und Tanz,2012,450,296,13,759,252,333,426,378,368,616,120,9,1,0,627,74,24,21,94,603,7184,7787,1382,,430073,43014,473087
Handball,Handball,2012,762,261,45,1068,219,262,806,42,981,239,536,184,51,13,259,295,361,108,1022,7578,3671,11249,2530,,1696220,169632,1865852
Hornussen,Hornussen,2012,23,34,0,57,54,31,26,3,54,47,10,0,0,0,14,18,11,14,0,499,44,543,143,,33321,3334,36655
Inlinehockey,Rollsport,2012,55,29,0,84,31,32,52,5,79,21,63,0,0,0,10,19,21,34,53,821,73,894,208,,103409,10341,113750
Ju-Jitsu,Ju-Jitsu,2012,73,69,1,143,68,66,77,37,105,125,15,2,0,0,141,1,0,0,14,893,429,1322,406,,79541,7955,87496
Judo,Judo,2012,436,480,29,945,208,392,553,290,626,860,42,12,2,0,675,85,55,101,224,6955,2400,9355,2678,,486114,48619,534733
Karate,Karate,2012,372,321,10,703,169,310,393,477,216,396,243,48,3,3,604,52,18,19,93,4377,2410,6787,1894,,465729,46582,512311
Korbball,Turnen,2012,63,36,0,99,68,65,34,12,87,78,18,2,1,0,52,31,12,4,42,191,656,847,249,,64892,6491,71383
Kunstradfahren,Radsport,2012,2,0,0,2,1,1,1,0,2,2,0,0,0,0,1,0,0,1,0,5,13,18,6,,1485,149,1634
Kunstturnen,Geräte- und Kunstturnen,2012,71,40,0,111,68,71,40,0,111,27,29,30,17,8,51,28,7,25,131,327,562,889,482,,140495,14052,154547
Landhockey,Landhockey,2012,53,3,4,60,17,32,28,2,54,21,31,4,0,0,27,19,5,5,52,337,107,444,195,,69553,6956,76509
Leichtathletik,Leichtathletik,2012,590,635,104,1329,445,458,871,72,1153,655,339,154,62,15,445,194,172,414,1373,6658,7914,14572,4416,,1315101,131515,1446616
Mountainbike,Radsport,2012,2,2,0,4,2,3,1,0,4,3,0,1,0,0,1,1,1,1,0,17,3,20,26,,2470,247,2717
Nationalturnen,Nationalturnen,2012,18,6,4,28,22,11,17,1,23,18,6,0,0,0,6,3,12,3,23,238,17,255,130,,22216,2221,24437
Orientierungslauf,Orientierungslauf,2012,25,77,21,123,63,50,73,12,90,82,19,1,0,0,25,4,12,61,248,563,365,928,813,,78849,7886,86735
Radsport,Radsport,2012,91,198,14,303,165,175,128,18,271,189,74,19,5,2,161,25,25,78,292,2120,533,2653,1215,,199794,19992,219786
Reiten,Pferdesport,2012,67,277,36,380,67,372,8,138,206,316,22,5,1,0,315,9,9,11,252,186,1431,1617,591,,87899,8798,96697
Rettungsschwimmen,Schwimmsport,2012,86,127,9,222,75,104,118,159,54,198,15,0,0,0,188,22,3,0,58,861,1304,2165,857,,86143,8614,94757
Rhythmische Gymnastik,Gymnastik und Tanz,2012,30,46,3,79,35,50,29,9,67,19,18,27,12,0,39,13,12,12,130,11,557,568,219,,73793,7382,81175
Rhönrad,Rhönrad,2012,10,8,0,18,7,11,7,4,14,16,2,0,0,0,15,2,1,0,0,1,153,154,52,,8185,819,9004
Ringen,Ringen,2012,23,8,3,34,20,20,14,1,30,4,11,16,0,0,9,4,3,15,45,216,17,233,183,,42407,4245,46652
Rock n` Roll,Gymnastik und Tanz,2012,46,21,5,72,28,49,23,13,54,49,14,3,1,0,55,3,3,6,27,153,386,539,190,,43493,4354,47847
Rollhockey,Rollsport,2012,33,2,1,36,12,18,18,1,34,8,25,2,0,0,4,19,10,2,8,260,39,299,95,,44628,4462,49090
Rollkunstlauf,Rollsport,2012,7,7,3,17,5,13,4,4,10,7,6,1,0,0,9,1,1,3,18,14,86,100,63,,7917,792,8709
Rugby,Rugby,2012,29,16,1,46,20,15,31,6,39,23,22,0,0,0,22,13,9,1,8,538,21,559,168,,46863,4689,51552
Schwimmen,Schwimmsport,2012,494,402,60,956,209,442,514,542,354,465,150,127,82,72,663,101,82,50,1330,3743,4629,8372,2449,,905551,90564,996115
Schwingen,Nationalturnen,2012,177,33,3,213,97,87,126,5,205,161,47,2,0,0,49,19,49,93,102,2184,32,2216,1035,,199737,19971,219708
Speedskating (Rollsport),Rollsport,2012,2,9,0,11,11,10,1,2,9,7,3,1,0,0,6,2,1,2,0,29,15,44,45,,4161,417,4578
Sportschiessen,Sportschiessen,2012,14,697,3,714,458,577,137,208,503,621,84,5,1,0,271,214,109,117,37,4019,866,4885,1843,,202179,20232,222411
Squash,Squash,2012,24,43,3,70,22,39,31,6,61,61,5,1,0,0,46,6,3,12,23,428,98,526,235,,31246,3125,34371
Streethockey,Landhockey,2012,24,10,1,35,12,14,21,4,30,13,21,0,0,0,12,10,7,5,8,315,21,336,66,,37775,3778,41553
Synchronized Skating,Eislauf,2012,2,15,0,17,8,3,14,4,13,6,10,1,0,0,11,4,1,1,5,1,196,197,37,,11573,1157,12730
Synchronschwimmen,Schwimmsport,2012,64,9,6,79,31,48,31,1,72,9,20,24,13,7,44,20,8,1,160,10,634,644,264,,123659,12367,136026
Tanzsport,Gymnastik und Tanz,2012,15,40,0,55,21,25,30,28,27,45,10,0,0,0,44,4,3,4,0,118,447,565,70,,23552,2358,25910
Tchoukball,Tchoukball,2012,41,3,1,45,16,22,23,0,44,37,7,0,0,0,33,7,3,1,3,263,135,398,90,,36635,3662,40297
Tennis,Tennis,2012,1335,7297,81,8713,753,8242,471,5983,2649,8372,215,32,6,7,8054,209,129,240,486,25827,11543,37370,12487,,1753391,175347,1928738
Tischtennis,Tischtennis,2012,263,90,2,355,173,177,178,26,327,257,82,12,2,0,221,52,26,54,33,2766,304,3070,1116,,260803,26088,286891
Trampolin,Geräte- und Kunstturnen,2012,17,22,2,41,19,24,17,0,39,24,12,3,0,0,25,4,2,8,29,154,181,335,155,,26804,2680,29484
Triathlon,Triathlon,2012,10,5,2,17,12,10,7,9,6,2,4,4,5,0,9,4,2,0,51,62,51,113,100,,18115,1812,19927
Turnen,Turnen,2012,2051,1020,104,3175,1255,1277,1898,613,2458,2644,410,16,1,0,2137,669,169,96,772,12534,21192,33726,10143,,1988447,198886,2187333
Unihockey,Unihockey,2012,841,245,43,1129,282,273,856,48,1038,439,560,81,6,0,360,596,104,26,514,10436,2400,12836,2353,,1427707,142781,1570488
Volleyball,Volleyball,2012,1169,451,52,1672,439,663,1009,38,1582,975,559,71,11,4,766,443,283,128,581,2524,12965,15489,3419,,1635129,163525,1798654
Voltigieren (Pferdesport),Pferdesport,2012,54,56,15,125,36,105,20,16,94,32,55,19,4,0,55,24,18,13,250,35,641,676,227,,80960,8096,89056
Wasserball,Schwimmsport,2012,37,16,17,70,25,28,42,9,44,6,18,20,6,3,19,16,12,6,187,421,104,525,181,,88835,8884,97719
Wasserspringen,Schwimmsport,2012,9,5,2,16,8,14,2,2,12,5,4,1,2,2,9,1,1,3,10,36,29,65,43,,12907,1291,14198
